{"train_time": 21.71965718269348, "test_auc": 0.6948995967687557, "test_time": 0.08738327026367188}